<?xml version="1.0" encoding="UTF-8" standalone="yes"?>
<addon
  id="plugin.video.MyPinoyTv"
  version="1.0.1"
  name="MyPinoyTv"
  provider-name="Dknight">
  <requires>
        <import addon="xbmc.python" version="2.1.0" optional="true" />
		<import addon="script.module.simplejson" />
		<import addon="script.module.t0mm0.common" version="1.1.0"/>
		<import addon="script.module.cryptopy" version="1.2.5"/>
		<import addon="script.module.beautifulsoup" version="3.0.8"/>
  </requires>
  <extension point="xbmc.python.pluginsource"
            library="default.py">
        <provides>video</provides>
  </extension>
  <extension point="xbmc.addon.metadata">
    <summary>MyPinoyTv</summary>
    <description>Watch MyPinoyTv Videos</description>
    <platform>all</platform>
  </extension>
</addon>