<?xml version="1.0" encoding="UTF-8" standalone="yes"?>
<addon
  id="plugin.video.drama24h"
  version="1.0.9"
  name="drama24h"
  provider-name="Dknight">
  <requires>
        <import addon="xbmc.python" version="2.1.0" optional="true" />
		<import addon="script.module.beautifulsoup" version="3.0.8"/>
		<import addon="script.module.urlresolver" version="2.1.2"/>
		<import addon="script.module.simplejson" />
		<import addon="script.module.t0mm0.common" version="1.1.0"/>
  </requires>
  <extension point="xbmc.python.pluginsource"
            library="default.py">
        <provides>video</provides>
  </extension>
  <extension point="xbmc.addon.metadata">
    <summary>drama24h</summary>
    <description>Watch drama24h (Chinese)Videos</description>
    <platform>all</platform>
  </extension>
</addon>