<?xml version="1.0" encoding="UTF-8" standalone="yes"?>
<addon id="plugin.video.filipinotv3" name="Filipino On Demand v3"
	version="1.0.2" provider-name="AJ updated by dknight">
	<requires>
		<import addon="script.module.simplejson" version="2.0.10" />
		<import addon="script.module.beautifulsoup" version="3.2.0" />
		<import addon="script.module.turtle" version="1.1.9" />
	</requires>
	<extension point="xbmc.python.pluginsource" library="TurtleMain.py">
		<provides>video</provides>
	</extension>
	<extension point="xbmc.addon.metadata">
		<summary>Filipino On Demand: Philipines TV Shows and Movies</summary>
		<description>Watch latest full length TV Shows and Movies. This add-on
			is created on demand. Thanks to http://dranzerlei.deviantart.com/ for
			fanart.</description>
		<disclaimer>This addon makes no warranties, expressed or implied, and
			hereby disclaims and negates all other warranties, including without
			limitation, implied warranties or conditions of merchantability,
			fitness for a particular purpose, or non-infringement of intellectual
			property or other violation of rights. Further, Filipino on Demand v2
			addon does not warrant or make any representations concerning the
			accuracy, likely results, or reliability of the use of the materials
			on the Internet web site where from data is retrieved or otherwise
			relating to such materials or on any sites linked to this addon.
			Videos are soruced from video-hosting websites that are having full
			rights to remove such access to video if required.</disclaimer>
		<platform>all</platform>
		<license>GNU GPL v3</license>
	</extension>
</addon>
