<?xml version="1.0" encoding="UTF-8" standalone="yes"?>
<addon
  id="plugin.video.KhmerTv"
  version="1.0.26"
  name="KhmerTv"
  provider-name="Dknight">
  <requires>
		<import addon="script.module.simplejson" />
		<import addon="script.module.t0mm0.common" version="1.1.0"/>
		<import addon="script.module.beautifulsoup" version="3.0.8"/>
  </requires>
  <extension point="xbmc.python.pluginsource"
            library="default.py">
        <provides>video</provides>
  </extension>
  <extension point="xbmc.addon.metadata">
    <summary>KhmerTv</summary>
    <description>Watch Live Khmer Tv broadcasts</description>
    <platform>all</platform>
  </extension>
</addon>