<?xml version="1.0"?>
<channels>
  <channel>
    <name>Special Events</name>
    <info>events</info>
    <item>
      <title>Event1</title>
      <link>rtmp://141.255.160.194:1935/stream/Nu91e0f5ef.stream playPath=Nu91e0f5ef.stream pageUrl=http://www.feed2all.eu/watch/253640/1/watch--boxing%253A-timothy-bradley-jr-vs-manny-pacquiao.html swfUrl=http://thecdn.04stream.com/p/ooolo1.swf live=true</link>
      <thumbnail>
      http://khiptv.com/images_tv/Bayon_Replay.png</thumbnail>
    </item>
    <item>
      <title>Event2</title>
      <link>rtmp://46.246.124.6:443/liverepeater/30003 playPath=30003 pageUrl=http://movietrailers.yt/player2.php?id=30003 swfUrl=http://www.maxstream.in/player/player.swf live=true</link>
      <thumbnail>
      http://khiptv.com/images_tv/Bayon_Replay.png</thumbnail>
    </item>
  </channel>
  
  <channels></channels>
</channels>
