<?xml version="1.0"?>
<channels>
  <channel>
    <name>Khmer channels</name>
    <info>Khmer channels from khiptv</info>
	<item>
      <title>CTN 2</title>
      <link>http://mobile.interface.stmg.net.kh/nn_cms/nn_cms_view/jpz/n3_a_a.php?nns_version=2.3.7.0.2.SC-JPZ-IPAD.0.0_Release&amp;nns_output_type=json&amp;nns_user_agent=nn_pad/ipad/1.0.0&amp;nns_language=en_US&amp;nns_tag=28&amp;nns_user_id=IPADB123456789089756745634523456&amp;nns_device_id=&amp;nns_buss_id=2000002&amp;nns_category_id=1000001&amp;nns_func=apply_play_video&amp;nns_mac_id=112233445566&amp;nns_media_assets_id=pad_live_v1&amp;nns_media_id=f4bb36746f145be94deb9c17d0965f74&amp;nns_video_id=f942ece95cb181ee4111c9921737b575&amp;nns_video_index=0&amp;nns_video_type=1</link>
      <thumbnail>https://malimar.hs.llnwd.net/v1/images/kh/CTNHD.jpg</thumbnail>
      <resolve>true</resolve>
    </item>
	<item>
      <title>MyTV</title>
      <link>http://mobile.interface.stmg.net.kh/nn_cms/nn_cms_view/jpz/n3_a_a.php?nns_version=2.3.7.0.2.SC-JPZ-IPAD.0.0_Release&amp;nns_output_type=json&amp;nns_user_agent=nn_pad/ipad/1.0.0&amp;nns_language=en_US&amp;nns_tag=28&amp;nns_user_id=IPADB123456789089756745634523456&amp;nns_device_id=&amp;nns_buss_id=2000002&amp;nns_category_id=1000001&amp;nns_func=apply_play_video&amp;nns_mac_id=112233445566&amp;nns_media_assets_id=pad_live_v1&amp;nns_media_id=a89cdd8c6279eb0b584627e0f571a698&amp;nns_video_id=00d0bfe34121cd8a998a4bf7fffd2c19&amp;nns_video_index=0&amp;nns_video_type=1</link>
      <thumbnail>https://malimar.hs.llnwd.net/v1/images/kh/khmer-mytv-standardHD.jpg</thumbnail>
      <resolve>true</resolve>
    </item>
	    <item>
      <title>MSJTV</title>
      <link>rtmp://124.248.165.18:1935/live/myStream playpath=myStream swfUrl=http://msjtv.asia/Scripts/player/6.11/player.flash.swf live=true</link>
      <thumbnail>http://msjtv.asia/Content/Images/msjTVLogo.png</thumbnail>
    </item>
	    <item>
      <title>ATV 2</title>
      <link>rtmp://113.161.212.25/live2 playpath=atv2 swfUrl=http://www.atv.org.vn/player/player.swf swfVfy=true live=true timeout=90</link>
      <thumbnail>http://www.atv.org.vn/images/logof.png</thumbnail>
    </item>
    <item>
      <title>CNC</title>
      <link>http://mobile.interface.stmg.net.kh/nn_cms/nn_cms_view/jpz/n3_a_a.php?nns_version=2.3.7.0.2.SC-JPZ-IPAD.0.0_Release&amp;nns_output_type=json&amp;nns_user_agent=nn_pad/ipad/1.0.0&amp;nns_language=en_US&amp;nns_tag=28&amp;nns_user_id=IPADB123456789089756745634523456&amp;nns_device_id=&amp;nns_buss_id=2000002&amp;nns_category_id=1000001&amp;nns_func=apply_play_video&amp;nns_mac_id=112233445566&amp;nns_media_assets_id=pad_live_v1&amp;nns_media_id=51cb3efed11a0094944cc78c7f950fdd&amp;nns_video_id=305c725d29f8e7b9684e09e9d463669e&amp;nns_video_index=0&amp;nns_video_type=1</link>
      <thumbnail>https://images.malimar.tv/kh/CNCHD.jpg</thumbnail>
      <resolve>true</resolve>
    </item>
    <item>
      <title>NTV</title>
      <link>http://mobile.interface.stmg.net.kh/nn_cms/nn_cms_view/jpz/n3_a_a.php?nns_version=2.3.7.0.2.SC-JPZ-IPAD.0.0_Release&amp;nns_output_type=json&amp;nns_user_agent=nn_pad/ipad/1.0.0&amp;nns_language=en_US&amp;nns_tag=28&amp;nns_user_id=IPADB123456789089756745634523456&amp;nns_device_id=&amp;nns_buss_id=2000002&amp;nns_category_id=1000001&amp;nns_func=apply_play_video&amp;nns_mac_id=112233445566&amp;nns_media_assets_id=pad_live_v1&amp;nns_media_id=f1d34949aa405f5ff7bf9be51c9c48eb&amp;nns_video_id=e72a42883ca4461c22b396c248cdb3c9&amp;nns_video_index=0&amp;nns_video_type=1</link>
      <thumbnail>http://www.ntvcambodia.com/logo.png</thumbnail>
      <resolve>true</resolve>
    </item>
    <item>
      <title>TV9</title>
      <link>http://mobile.interface.stmg.net.kh/nn_cms/nn_cms_view/jpz/n3_a_a.php?nns_version=2.3.7.0.2.SC-JPZ-IPAD.0.0_Release&amp;nns_output_type=json&amp;nns_user_agent=nn_pad/ipad/1.0.0&amp;nns_language=en_US&amp;nns_tag=28&amp;nns_user_id=IPADB123456789089756745634523456CA&amp;nns_device_id=&amp;nns_buss_id=2000002&amp;nns_category_id=1000001&amp;nns_func=apply_play_video&amp;nns_mac_id=112233445566&amp;nns_media_assets_id=pad_live_v1&amp;nns_media_id=1745e6557435c9a424a1627642f39439&amp;nns_video_id=07dbc29ba75ab5b8c5e2b300818ab6b9&amp;nns_video_index=0&amp;nns_video_type=1</link>
      <thumbnail>https://malimar.hs.llnwd.net/v1/images/kh/tv9HD.jpg</thumbnail>
    </item>
	<item>
      <title>TV5</title>
      <link>http://mobile.interface.stmg.net.kh/nn_cms/nn_cms_view/jpz/n3_a_a.php?nns_version=2.3.7.0.2.SC-JPZ-IPAD.0.0_Release&amp;nns_output_type=json&amp;nns_user_agent=nn_pad/ipad/1.0.0&amp;nns_language=en_US&amp;nns_tag=28&amp;nns_user_id=IPADB123456789089756745634523456CA&amp;nns_device_id=&amp;nns_buss_id=2000002&amp;nns_category_id=1000001&amp;nns_func=apply_play_video&amp;nns_mac_id=112233445566&amp;nns_media_assets_id=pad_live_v1&amp;nns_media_id=c35345c8f040ffd74caddacff3d8b847&amp;nns_video_id=3faaa5c9171d8529795749c88040b5ec&amp;nns_video_index=0&amp;nns_video_type=1</link>
      <thumbnail>https://malimar.hs.llnwd.net/v1/images/kh/tv5HD.jpg</thumbnail>
    </item>
	<item>
      <title>TV3</title>
      <link>http://mobile.interface.stmg.net.kh/nn_cms/nn_cms_view/jpz/n3_a_a.php?nns_version=2.3.7.0.2.SC-JPZ-IPAD.0.0_Release&amp;nns_output_type=json&amp;nns_user_agent=nn_pad/ipad/1.0.0&amp;nns_language=en_US&amp;nns_tag=28&amp;nns_user_id=IPADB123456789089756745634523456&amp;nns_device_id=&amp;nns_buss_id=2000002&amp;nns_category_id=1000001&amp;nns_func=apply_play_video&amp;nns_mac_id=112233445566&amp;nns_media_assets_id=pad_live_v1&amp;nns_media_id=364c46787711e4e17fc8b2215dacfe6d&amp;nns_video_id=4a14b657327153251e81151c225793f3&amp;nns_video_index=0&amp;nns_video_type=1</link>
      <thumbnail>https://malimar.hs.llnwd.net/v1/images/kh/tv3HD.jpg</thumbnail>
    </item>
	<item>
      <title>ETV</title>
      <link>http://mobile.interface.stmg.net.kh/nn_cms/nn_cms_view/jpz/n3_a_a.php?nns_version=2.3.7.0.2.SC-JPZ-IPAD.0.0_Release&amp;nns_output_type=json&amp;nns_user_agent=nn_pad/ipad/1.0.0&amp;nns_language=en_US&amp;nns_tag=28&amp;nns_user_id=IPADB123456789089756745634523456&amp;nns_device_id=&amp;nns_buss_id=2000002&amp;nns_category_id=1000001&amp;nns_func=apply_play_video&amp;nns_mac_id=112233445566&amp;nns_media_assets_id=pad_live_v1&amp;nns_media_id=19446ec121a1fac407ecd1459467ba5c&amp;nns_video_id=f7d0d8935e3b8483e5b315fc2f54c4be&amp;nns_video_index=0&amp;nns_video_type=1</link>
      <thumbnail>https://aseaniptv2.s3.amazonaws.com/images/channel/428/image/etvHD.jpg</thumbnail>
      <resolve>true</resolve>
    </item>
	<item>
      <title>RASMEY HANG MEAS</title>
      <link>http://mobile.interface.stmg.net.kh/nn_cms/nn_cms_view/jpz/n3_a_a.php?nns_version=2.3.7.0.2.SC-JPZ-IPAD.0.0_Release&amp;nns_output_type=json&amp;nns_user_agent=nn_pad/ipad/1.0.0&amp;nns_language=en_US&amp;nns_tag=28&amp;nns_user_id=IPADB123456789089756745634523456&amp;nns_device_id=&amp;nns_buss_id=2000002&amp;nns_category_id=1000001&amp;nns_func=apply_play_video&amp;nns_mac_id=112233445566&amp;nns_media_assets_id=pad_live_v1&amp;nns_media_id=480c2521e1d40ab5b9703135c45d3a63&amp;nns_video_id=a024152f1d255b5ae8bb1512a994aeda&amp;nns_video_index=0&amp;nns_video_type=1</link>
      <thumbnail>https://malimar.hs.llnwd.net/v1/images/kh/RASMEYHD.jpg</thumbnail>
      <resolve>true</resolve>
    </item>
	<item>
      <title>Hangmeas</title>
      <link>http://mobile.interface.stmg.net.kh/nn_cms/nn_cms_view/jpz/n3_a_a.php?nns_version=2.3.7.0.2.SC-JPZ-IPAD.0.0_Release&amp;nns_output_type=json&amp;nns_user_agent=nn_pad/ipad/1.0.0&amp;nns_language=en_US&amp;nns_tag=28&amp;nns_user_id=IPADB123456789089756745634523456&amp;nns_device_id=&amp;nns_buss_id=2000002&amp;nns_category_id=1000001&amp;nns_func=apply_play_video&amp;nns_mac_id=112233445566&amp;nns_media_assets_id=pad_live_v1&amp;nns_media_id=21488d9895e5bffde928ec9384fcc9f2&amp;nns_video_id=0264fb03fa31bb849ba82c1f3ab22ce6&amp;nns_video_index=0&amp;nns_video_type=1</link>
      <thumbnail>http://khmer.be/images/tv/hangmeas-100x70.jpg</thumbnail>
      <resolve>true</resolve>
    </item>
	<item>
      <title>PNN</title>
      <link>http://mobile.interface.stmg.net.kh/nn_cms/nn_cms_view/jpz/n3_a_a.php?nns_version=2.3.7.0.2.SC-JPZ-IPAD.0.0_Release&amp;nns_output_type=json&amp;nns_user_agent=nn_pad/ipad/1.0.0&amp;nns_language=en_US&amp;nns_tag=28&amp;nns_user_id=IPADB123456789089756745634523456CA&amp;nns_device_id=&amp;nns_buss_id=2000002&amp;nns_category_id=1000001&amp;nns_func=apply_play_video&amp;nns_mac_id=112233445566&amp;nns_media_assets_id=pad_live_v1&amp;nns_media_id=6908f16664289ae2da7be827a888dff0&amp;nns_video_id=72027a6e149f60e6055481b8bba5f3fa&amp;nns_video_index=0&amp;nns_video_type=1</link>
      <thumbnail>http://www.phnompenhpost.com/sites/default/files/pnn.jpg</thumbnail>
      <resolve>true</resolve>
    </item>
    <item>
      <title>Sea TV</title>
      <link>http://mobile.interface.stmg.net.kh/nn_cms/nn_cms_view/jpz/n3_a_a.php?nns_version=2.3.7.0.2.SC-JPZ-IPAD.0.0_Release&amp;nns_output_type=json&amp;nns_user_agent=nn_pad/ipad/1.0.0&amp;nns_language=en_US&amp;nns_tag=28&amp;nns_user_id=IPADB123456789089756745634523456CA&amp;nns_device_id=&amp;nns_buss_id=2000002&amp;nns_category_id=1000001&amp;nns_func=apply_play_video&amp;nns_mac_id=112233445566&amp;nns_media_assets_id=pad_live_v1&amp;nns_media_id=6696f204db449bbe3da368cb85840dbf&amp;nns_video_id=9d4799352a1eca5952f2b3bbc3f0f6d8&amp;nns_video_index=0&amp;nns_video_type=1</link>
      <thumbnail>http://khmer.be/images/tv/seatv.gif</thumbnail>
      <resolve>true</resolve>
    </item>
    <item>
      <title>TVK</title>
      <link>http://mobile.interface.stmg.net.kh/nn_cms/nn_cms_view/jpz/n3_a_a.php?nns_version=2.3.7.0.2.SC-JPZ-IPAD.0.0_Release&amp;nns_output_type=json&amp;nns_user_agent=nn_pad/ipad/1.0.0&amp;nns_language=en_US&amp;nns_tag=28&amp;nns_user_id=IPADB123456789089756745634523456&amp;nns_device_id=&amp;nns_buss_id=2000002&amp;nns_category_id=1000001&amp;nns_func=apply_play_video&amp;nns_mac_id=112233445566&amp;nns_media_assets_id=pad_live_v1&amp;nns_media_id=2c77ea90bc6e0ee4af1d76e4c27b4ff6&amp;nns_video_id=134f80a340581aa24c0643dc0152fad8&amp;nns_video_index=0&amp;nns_video_type=1</link>
      <thumbnail>http://khiptv.com/images_tv/TVK.PNG</thumbnail>
    </item>
    <item>
      <title>Apsara</title>
      <link>http://mobile.interface.stmg.net.kh/nn_cms/nn_cms_view/jpz/n3_a_a.php?nns_version=2.3.7.0.2.SC-JPZ-IPAD.0.0_Release&amp;nns_output_type=json&amp;nns_user_agent=nn_pad/ipad/1.0.0&amp;nns_language=en_US&amp;nns_tag=28&amp;nns_user_id=IPADB123456789089756745634523456&amp;nns_device_id=&amp;nns_buss_id=2000002&amp;nns_category_id=1000001&amp;nns_func=apply_play_video&amp;nns_mac_id=112233445566&amp;nns_media_assets_id=pad_live_v1&amp;nns_media_id=5c6a5dc8dc903af99b7eb41b020b40e6&amp;nns_video_id=07b506429e01034350f1f7508043ba17&amp;nns_video_index=0&amp;nns_video_type=1</link>
      <thumbnail>http://khiptv.com/images_tv/APSARA.JPG</thumbnail>
	  <resolve>true</resolve>
    </item>
    <item>
      <title>Bayon</title>
      <link>http://mobile.interface.stmg.net.kh/nn_cms/nn_cms_view/jpz/n3_a_a.php?nns_version=2.3.7.0.2.SC-JPZ-IPAD.0.0_Release&amp;nns_output_type=json&amp;nns_user_agent=nn_pad/ipad/1.0.0&amp;nns_language=en_US&amp;nns_tag=28&amp;nns_user_id=IPADB123456789089756745634523456CA&amp;nns_device_id=&amp;nns_buss_id=2000002&amp;nns_category_id=1000001&amp;nns_func=apply_play_video&amp;nns_mac_id=112233445566&amp;nns_media_assets_id=pad_live_v1&amp;nns_media_id=3fab1344412c07302c3710e9f474ef72&amp;nns_video_id=8bbf89d7eb9e8230be83780d9bf6e7f2&amp;nns_video_index=0&amp;nns_video_type=1</link>
      <thumbnail>
      http://khiptv.com/images_tv/bayon-tv.png</thumbnail>
    </item>
    <item>
      <title>BTV News</title>
      <link>http://mobile.interface.stmg.net.kh/nn_cms/nn_cms_view/jpz/n3_a_a.php?nns_version=2.3.7.0.2.SC-JPZ-IPAD.0.0_Release&amp;nns_output_type=json&amp;nns_user_agent=nn_pad/ipad/1.0.0&amp;nns_language=en_US&amp;nns_tag=28&amp;nns_user_id=IPADB123456789089756745634523456&amp;nns_device_id=&amp;nns_buss_id=2000002&amp;nns_category_id=1000001&amp;nns_func=apply_play_video&amp;nns_mac_id=112233445566&amp;nns_media_assets_id=pad_live_v1&amp;nns_media_id=3d0ddfad9f30b4ad8d991c78797ba380&amp;nns_video_id=7c9e4ad310e93a55d762ef4c741b2c59&amp;nns_video_index=0&amp;nns_video_type=1</link>
      <thumbnail>https://malimar.hs.llnwd.net/v1/images/kh/btvHD.jpg</thumbnail>
    </item>
    <item>
      <title>Town HD</title>
      <link>http://mobile.interface.stmg.net.kh/nn_cms/nn_cms_view/jpz/n3_a_a.php?nns_version=2.3.7.0.2.SC-JPZ-IPAD.0.0_Release&amp;nns_output_type=json&amp;nns_user_agent=nn_pad/ipad/1.0.0&amp;nns_language=en_US&amp;nns_tag=28&amp;nns_user_id=IPADB123456789089756745634523456&amp;nns_device_id=&amp;nns_buss_id=2000002&amp;nns_category_id=1000001&amp;nns_func=apply_play_video&amp;nns_mac_id=112233445566&amp;nns_media_assets_id=pad_live_v1&amp;nns_media_id=d33cb3c83e44fa0046127eda0424dfad&amp;nns_video_id=bcac6d038bd68aff27e3b0b6302f229e&amp;nns_video_index=0&amp;nns_video_type=1</link>
      <thumbnail>http://103.242.12.23/prev/StarCor/live/e/2/b/bcac6d038bd68aff27e3b0b6302f229e/8e7e15eea3483b2ff8ef5111eb749199.png</thumbnail>
    </item>
    <item>
      <title>Nice TV</title>
      <link>http://mobile.interface.stmg.net.kh/nn_cms/nn_cms_view/jpz/n3_a_a.php?nns_version=2.3.7.0.2.SC-JPZ-IPAD.0.0_Release&amp;nns_output_type=json&amp;nns_user_agent=nn_pad/ipad/1.0.0&amp;nns_language=en_US&amp;nns_tag=28&amp;nns_user_id=IPADB123456789089756745634523456&amp;nns_device_id=&amp;nns_buss_id=2000002&amp;nns_category_id=1000001&amp;nns_func=apply_play_video&amp;nns_mac_id=112233445566&amp;nns_media_assets_id=pad_live_v1&amp;nns_media_id=e292792509870ed1299777671ebe303e&amp;nns_video_id=4006b4cbf4b7d80eef7f08d0da320ad7&amp;nns_video_index=0&amp;nns_video_type=1</link>
      <thumbnail>http://103.242.12.23/prev/StarCor/live/7/e/4/4006b4cbf4b7d80eef7f08d0da320ad7/52fc016823d398fd6894b3a91f67269a.png</thumbnail>
    </item>
    <item>
      <title>S Music</title>
      <link>http://mobile.interface.stmg.net.kh/nn_cms/nn_cms_view/jpz/n3_a_a.php?nns_version=2.3.7.0.2.SC-JPZ-IPAD.0.0_Release&amp;nns_output_type=json&amp;nns_user_agent=nn_pad/ipad/1.0.0&amp;nns_language=en_US&amp;nns_tag=28&amp;nns_user_id=IPADB123456789089756745634523456&amp;nns_device_id=&amp;nns_buss_id=2000002&amp;nns_category_id=1000001&amp;nns_func=apply_play_video&amp;nns_mac_id=112233445566&amp;nns_media_assets_id=pad_live_v1&amp;nns_media_id=77f457e666783be43088ac879617b6e6&amp;nns_video_id=31a0fc4d0f022eeb1759a8537f9ec5e5&amp;nns_video_index=0&amp;nns_video_type=1</link>
      <thumbnail>http://103.242.12.23/prev/StarCor/live/5/1/3/31a0fc4d0f022eeb1759a8537f9ec5e5/1bd6729f5f5500a8b6b1af3928ab55b2.png</thumbnail>
    </item>
    <item>
      <title>NCT</title>
      <link>rtmp://123.30.134.108/live/nctlive</link>
      <thumbnail>http://khiptv.com/images_tv/TV9.png</thumbnail>
    </item>

  </channel>
  <channel>
    <name>Khmer Radios</name>
    <info>Khmer Radios from khiptv</info>
    <item>
      <title>Khmer FM107 Radio</title>
      <link>http://KhipTV.org:44412/RC_FM107</link>
      <thumbnail>
      http://khiptv.com/images_tv/Bayon_Replay.png</thumbnail>
    </item>
    <item>
      <title>Bayon Radio</title>
      <link>http://KhipTV.org:44412/RC_FM95</link>
      <thumbnail>http://khiptv.com/images_tv/TVK.PNG</thumbnail>
    </item>
    <item>
      <title>Phnom Penh Radio FM103</title>
      <link>http://KhipTV.org:44412/RCFM103</link>
      <thumbnail>
      http://khiptv.com/images_tv/bayon-tv.png</thumbnail>
    </item>
    <item>
      <title>ABC Cambodia Radio</title>
      <link>http://KhipTV.org:44412/RC_FM1075</link>
      <thumbnail>http://khiptv.com/images_tv/TV5.png</thumbnail>
    </item>
    <item>
      <title>DAP Radio - FM93.75</title>
      <link>http://KhipTV.org:44412/dap</link>
      <thumbnail>
      http://khiptv.com/images_tv/BayonTV1.png</thumbnail>
    </item>
    <item>
      <title>Sovann Phum Radio - FM104</title>
      <link>http://KhipTV.org:44412/RC_FM104</link>
      <thumbnail>http://khiptv.com/images_tv/TV9.png</thumbnail>
    </item>
    <item>
      <title>Sovann Angkor FM106 - Battambong</title>
      <link>http://KhipTV.org:44412/KEO</link>
      <thumbnail>http://khiptv.com/images_tv/APSARA.JPG</thumbnail>
    </item>
    <item>
      <title>Apsara Radio FM 97 MHz</title>
      <link>http://KhipTV.org:44412/RCFM97</link>
      <thumbnail>http://khiptv.com/images_tv/KGNCAN.png</thumbnail>
    </item>
    <item>
      <title>Nokorwat Radio FM101 MHz</title>
      <link>http://KhipTV.org:44412/psp</link>
      <thumbnail>http://khiptv.com/images_tv/ABC.png</thumbnail>
    </item>
    <item>
      <title>KMAT Radio FM90MHz</title>
      <link>http://KhipTV.org:44412/KMAT</link>
      <thumbnail>http://khiptv.com/images_tv/nat.png</thumbnail>
    </item>
    <item>
      <title>National Radio FM96</title>
      <link>http://KhipTV.org:44412/RCFM96</link>
      <thumbnail>http://khiptv.com/images_TV/MK.png</thumbnail>
    </item>
    <item>
      <title>Women 's Radio FM102</title>
      <link>http://KhipTV.org:44412/RCFM102</link>
      <thumbnail>
      http://khiptv.com/images_tv/goodidea.png</thumbnail>
    </item>
    <item>
      <title>Ta Prohm Radio FM90.5</title>
      <link>http://KhipTV.org:44412/taprohm</link>
      <thumbnail>http://khiptv.com/images_tv/KNN.PNG</thumbnail>
    </item>
    <item>
      <title>STARFM Radio</title>
      <link>
      http://110.74.223.162:88/broadwave.mp3?src=2&amp;rate=1&amp;ref=</link>
      <thumbnail>http://khiptv.com/images_TV/lakorn.jpg</thumbnail>
    </item>
    <item>
      <title>Mean Chey FM99 MHz Radio</title>
      <link>http://KhipTV.org:44412/MCH</link>
      <thumbnail>http://khiptv.com/images_tv/KNN.PNG</thumbnail>
    </item>
    <item>
      <title>VOY FM 105.25MHz</title>
      <link>http://KhipTV.org:44412/fm105.3</link>
      <thumbnail>http://khiptv.com/images_tv/KNN.PNG</thumbnail>
    </item>
    <item>
      <title>Kolyanmet FM88.5</title>
      <link>http://KhipTV.org:44412/KEOV</link>
      <thumbnail>http://khiptv.com/images_tv/KNN.PNG</thumbnail>
    </item>
    <item>
      <title>Voice of Dombang Kronhoung FM 100MHz</title>
      <link>http://KhipTV.org:44412/Dombang</link>
      <thumbnail>http://khiptv.com/images_tv/KNN.PNG</thumbnail>
    </item>
    <item>
      <title>UFM 106.5MHz BMC</title>
      <link>http://KhipTV.org:44412/ufmradio</link>
      <thumbnail>http://khiptv.com/images_tv/KNN.PNG</thumbnail>
    </item>
    <item>
      <title>Our Radio - FM106.75 Mhz</title>
      <link>http://KhipTV.org:44412/our-radio</link>
      <thumbnail>http://khiptv.com/images_tv/KNN.PNG</thumbnail>
    </item>
    <item>
      <title>Beehive FM105</title>
      <link>http://KhipTV.org:44412/BFM105</link>
      <thumbnail>http://khiptv.com/images_tv/KNN.PNG</thumbnail>
    </item>
    <item>
      <title>Mongkul Sovann - FM93.5 - Battambong</title>
      <link>http://KhipTV.org:44412/FM 93.5 MHz</link>
      <thumbnail>http://khiptv.com/images_tv/KNN.PNG</thumbnail>
    </item>
    <item>
      <title>Mongkul Sovann - FM105.5 - Champong Soum</title>
      <link>http://KhipTV.org:44412/FM 105.5 MHzA</link>
      <thumbnail>http://khiptv.com/images_tv/KNN.PNG</thumbnail>
    </item>
    <item>
      <title>Sangke Radio - FM104.5 MHz - Battambong</title>
      <link>http://KhipTV.org:44412/Sangke Radio FM104.5MHz</link>
      <thumbnail>http://khiptv.com/images_tv/KNN.PNG</thumbnail>
    </item>
    <item>
      <title>Ta Prohm Radio FM90.5</title>
      <link>http://KhipTV.org:44412/taprohm</link>
      <thumbnail>http://khiptv.com/images_tv/KNN.PNG</thumbnail>
    </item>
    <item>
      <title>Ratanakiri Radio FM 97.5</title>
      <link>http://KhipTV.org:44412/ratanakiri</link>
      <thumbnail>http://khiptv.com/images_tv/KNN.PNG</thumbnail>
    </item>
    <item>
      <title>Mongkulsovann FM 91.75 MHz Banteay Meanchey</title>
      <link>http://KhipTV.org:44412/FM 91.75 Mhz</link>
      <thumbnail>http://khiptv.com/images_tv/KNN.PNG</thumbnail>
    </item>
    <item>
      <title>Siem Reap Radio</title>
      <link>http://KhipTV.org:44412/SIEM RAEP</link>
      <thumbnail>http://khiptv.com/images_tv/KNN.PNG</thumbnail>
    </item>
  </channel>
  <channels></channels>
</channels>
