<?xml version="1.0"?>
<channels>
  <channel>
    <name>Khmer channels</name>
    <info>Khmer channels from khiptv</info>
	<item>
      <title>CTN 2</title>
      <link>http://mobile.interface.stmg.net.kh/nn_cms/nn_cms_view/mgtv/n3_a_a.php?nns_tag=29&amp;nns_func=apply_play_video&amp;nns_video_id=f942ece95cb181ee4111c9921737b575&amp;nns_video_type=1&amp;nns_media_id=f4bb36746f145be94deb9c17d0965f74&amp;nns_media_assets_id=phone_live_v1&amp;nns_category_id=1000001&amp;nns_video_index=0&amp;nns_user_id=APhone123&amp;nns_output_type=json</link>
      <thumbnail>https://malimar.hs.llnwd.net/v1/images/kh/CTNHD.jpg</thumbnail>
      <resolve>true</resolve>
    </item>
	<item>
      <title>MyTV</title>
      <link>http://mobile.interface.stmg.net.kh/nn_cms/nn_cms_view/mgtv/n3_a_a.php?nns_tag=29&amp;nns_func=apply_play_video&amp;nns_video_id=00d0bfe34121cd8a998a4bf7fffd2c19&amp;nns_video_type=1&amp;nns_media_id=a89cdd8c6279eb0b584627e0f571a698&amp;nns_media_assets_id=phone_live_v1&amp;nns_category_id=1000001&amp;nns_video_index=0&amp;nns_user_id=APhone123&amp;nns_output_type=json</link>
      <thumbnail>https://malimar.hs.llnwd.net/v1/images/kh/khmer-mytv-standardHD.jpg</thumbnail>
      <resolve>true</resolve>
    </item>
	<item>
      <title>KhipTV</title>
      <link>http://securemcp.com:1935/8138/8138/playlist.m3u8</link>
      <thumbnail>https://malimar.hs.llnwd.net/v1/images/kh/khmertvchannelHD.jpg</thumbnail>
    </item>
    <item>
      <title>Khmer TV</title>
      <link>http://vodplay.malimarserver.com/Movie14/_definst_/mp4:WhoIsMyFather.mp4/chunklist_w535581516.m3u8?token=mp4%3AWhoIsMyFather.mp4-1428450832000-kcb9ji94ggj5b5f4-dbabf4c891d7ba7f865dafc0f5808b03</link>
      <thumbnail>https://malimar.hs.llnwd.net/v1/images/kh/khmertvchannelHD.jpg</thumbnail>
    </item>
    <item>
      <title>MediaBiz</title>
      <link>http://live.wmncdn.net/medibiztv/d0dbe915091d400bd8ee7f27f0791303.sdp/playlist.m3u8</link>
      <thumbnail>http://khiptv.com/images_tv/TV.png</thumbnail>
    </item>
    <item>
      <title>CNC</title>
      <link>http://mobile.interface.stmg.net.kh/nn_cms/nn_cms_view/mgtv/n3_a_a.php?nns_tag=29&amp;nns_func=apply_play_video&amp;nns_video_id=305c725d29f8e7b9684e09e9d463669e&amp;nns_video_type=1&amp;nns_media_id=51cb3efed11a0094944cc78c7f950fdd&amp;nns_media_assets_id=phone_live_v1&amp;nns_category_id=1000001&amp;nns_video_index=0&amp;nns_user_id=APhone123&amp;nns_output_type=json</link>
      <thumbnail>http://cnc.com.kh/images/logo.png</thumbnail>
      <resolve>true</resolve>
    </item>
    <item>
      <title>NTV</title>
      <link>http://mobile.interface.stmg.net.kh/nn_cms/nn_cms_view/mgtv/n3_a_a.php?nns_tag=29&amp;nns_func=apply_play_video&amp;nns_video_id=e72a42883ca4461c22b396c248cdb3c9&amp;nns_video_type=1&amp;nns_media_id=f1d34949aa405f5ff7bf9be51c9c48eb&amp;nns_media_assets_id=phone_live_v1&amp;nns_category_id=1000001&amp;nns_video_index=0&amp;nns_user_id=APhone123&amp;nns_output_type=json</link>
      <thumbnail>http://www.ntvcambodia.com/logo.png</thumbnail>
      <resolve>true</resolve>
    </item>
    <item>
      <title>TV9</title>
      <link>http://laxlive01.malimarcdn.com/khorigin00/_definst_/tv9.stream/playlist.m3u8</link>
      <thumbnail>https://malimar.hs.llnwd.net/v1/images/kh/tv9HD.jpg</thumbnail>
    </item>
	<item>
      <title>TV5</title>
      <link>http://laxlive01.malimarcdn.com/khorigin00/_definst_/tv5.stream/playlist.m3u8</link>
      <thumbnail>https://malimar.hs.llnwd.net/v1/images/kh/tv5HD.jpg</thumbnail>
    </item>
	<item>
      <title>TV3 Asia</title>
      <link>http://mobile.interface.stmg.net.kh/nn_cms/nn_cms_view/mgtv/n3_a_a.php?nns_tag=29&amp;nns_func=apply_play_video&amp;nns_video_id=0d8da678381c04c2bc7c21754e44bb31&amp;nns_video_type=1&amp;nns_media_id=5bcadf7aa74a2e06d6a1ff8dbc278efb&amp;nns_media_assets_id=phone_live_v1&amp;nns_category_id=1000001&amp;nns_video_index=0&amp;nns_user_id=APhone123&amp;nns_output_type=json</link>
      <thumbnail>http://www.tv3-asia.com/wp-content/themes/tvsan/twentytwelve/images/logo.png</thumbnail>
	  <resolve>true</resolve>
    </item>
	<item>
      <title>TV3</title>
      <link>http://mobile.interface.stmg.net.kh/nn_cms/nn_cms_view/mgtv/n3_a_a.php?nns_tag=29&amp;nns_func=apply_play_video&amp;nns_video_id=4a14b657327153251e81151c225793f3&amp;nns_video_type=1&amp;nns_media_id=364c46787711e4e17fc8b2215dacfe6d&amp;nns_media_assets_id=phone_live_v1&amp;nns_category_id=1000001&amp;nns_video_index=0&amp;nns_user_id=APhone123&amp;nns_output_type=json</link>
      <thumbnail>https://malimar.hs.llnwd.net/v1/images/kh/tv3HD.jpg</thumbnail>
    </item>
	<item>
      <title>DMusic</title>
      <link>rtmp://laxlive02.malimarcdn.com:1935/khorigin00/_definst_/dmusic.sdp</link>
      <thumbnail>https://malimar.hs.llnwd.net/v1/images/kh/dmusicHD.jpg</thumbnail>
    </item>
	<item>
      <title>ETV</title>
      <link>http://mobile.interface.stmg.net.kh/nn_cms/nn_cms_view/mgtv/n3_a_a.php?nns_tag=29&amp;nns_func=apply_play_video&amp;nns_video_id=f7d0d8935e3b8483e5b315fc2f54c4be&amp;nns_video_type=1&amp;nns_media_id=19446ec121a1fac407ecd1459467ba5c&amp;nns_media_assets_id=phone_live_v1&amp;nns_category_id=1000001&amp;nns_video_index=0&amp;nns_user_id=APhone123&amp;nns_output_type=json</link>
      <thumbnail>https://aseaniptv2.s3.amazonaws.com/images/channel/428/image/etvHD.jpg</thumbnail>
      <resolve>true</resolve>
    </item>
	<item>
      <title>RASMEY HANG MEAS</title>
      <link>http://mobile.interface.stmg.net.kh/nn_cms/nn_cms_view/mgtv/n3_a_a.php?nns_tag=29&amp;nns_func=apply_play_video&amp;nns_video_id=a024152f1d255b5ae8bb1512a994aeda&amp;nns_video_type=1&amp;nns_media_id=480c2521e1d40ab5b9703135c45d3a63&amp;nns_media_assets_id=phone_live_v1&amp;nns_category_id=1000001&amp;nns_video_index=0&amp;nns_user_id=APhone123&amp;nns_output_type=json</link>
      <thumbnail>https://malimar.hs.llnwd.net/v1/images/kh/RASMEYHD.jpg</thumbnail>
      <resolve>true</resolve>
    </item>
	<item>
      <title>Hangmeas</title>
      <link>http://mobile.interface.stmg.net.kh/nn_cms/nn_cms_view/mgtv/n3_a_a.php?nns_tag=29&amp;nns_func=apply_play_video&amp;nns_video_id=0264fb03fa31bb849ba82c1f3ab22ce6&amp;nns_video_type=1&amp;nns_media_id=21488d9895e5bffde928ec9384fcc9f2&amp;nns_media_assets_id=phone_live_v1&amp;nns_category_id=1000001&amp;nns_video_index=0&amp;nns_user_id=APhone123&amp;nns_output_type=json</link>
      <thumbnail>http://khmer.be/images/tv/hangmeas-100x70.jpg</thumbnail>
      <resolve>true</resolve>
    </item>
    <item>
      <title>Sea TV</title>
      <link>rtmp://live.khmer.be:1935/live/SEATV playpath=SEATV swfUrl=http://khmer.be/KhmerTV/player.swf pageUrl=http://khmer.be/Live-TV/default.aspx?ch=seatv live=1</link>
      <thumbnail>http://khmer.be/images/tv/seatv.gif</thumbnail>
    </item>
    <item>
      <title>Sea TV News</title>
      <link>rtsp://203.176.137.164:1935/liveinfo/myStream</link>
      <thumbnail>http://khmer.be/images/tv/seatv.gif</thumbnail>
    </item>
    <item>
      <title>Sea TV Education</title>
      <link>rtsp://203.176.137.164:1935/liveedu/myStream</link>
      <thumbnail>http://khmer.be/images/tv/seatv.gif</thumbnail>
    </item>
    <item>
      <title>Sea TV culture</title>
      <link>rtsp://203.176.137.164:1935/livecult/myStream</link>
      <thumbnail>http://khmer.be/images/tv/seatv.gif</thumbnail>
    </item>
    <item>
      <title>TVK</title>
      <link>http://mobile.interface.stmg.net.kh/nn_cms/nn_cms_view/mgtv/n3_a_a.php?nns_tag=29&amp;nns_func=apply_play_video&amp;nns_video_id=134f80a340581aa24c0643dc0152fad8&amp;nns_video_type=1&amp;nns_media_id=2c77ea90bc6e0ee4af1d76e4c27b4ff6&amp;nns_media_assets_id=phone_live_v1&amp;nns_category_id=1000001&amp;nns_video_index=0&amp;nns_user_id=APhone123&amp;nns_output_type=json</link>
      <thumbnail>http://khiptv.com/images_tv/TVK.PNG</thumbnail>
    </item>
    <item>
      <title>Bayon</title>
      <link>rtmp://live.khmer.be:1935/live/BayonTV</link>
      <thumbnail>
      http://khiptv.com/images_tv/bayon-tv.png</thumbnail>
    </item>
    <item>
      <title>BTV News</title>
      <link>http://mobile.interface.stmg.net.kh/nn_cms/nn_cms_view/mgtv/n3_a_a.php?nns_tag=29&amp;nns_func=apply_play_video&amp;nns_video_id=7c9e4ad310e93a55d762ef4c741b2c59&amp;nns_video_type=1&amp;nns_media_id=3d0ddfad9f30b4ad8d991c78797ba380&amp;nns_media_assets_id=phone_live_v1&amp;nns_category_id=1000001&amp;nns_video_index=0&amp;nns_user_id=APhone123&amp;nns_output_type=json</link>
      <thumbnail>https://malimar.hs.llnwd.net/v1/images/kh/btvHD.jpg</thumbnail>
    </item>
    <item>
      <title>bayon_NEWS</title>
      <link>http://svr-live.khmerlive.tv/bayonnews?ovpsv=2.3.1.0</link>
      <thumbnail>
      http://khiptv.com/images_tv/BayonTV1.png</thumbnail>
    </item>
    <item>
      <title>NCT</title>
      <link>rtmp://123.30.134.108/live/nctlive</link>
      <thumbnail>http://khiptv.com/images_tv/TV9.png</thumbnail>
    </item>
    <item>
      <title>Apsara</title>
      <link>http://mobile.interface.stmg.net.kh/nn_cms/nn_cms_view/mgtv/n3_a_a.php?nns_tag=29&amp;nns_func=apply_play_video&amp;nns_video_id=07b506429e01034350f1f7508043ba17&amp;nns_video_type=1&amp;nns_media_id=5c6a5dc8dc903af99b7eb41b020b40e6&amp;nns_media_assets_id=phone_live_v1&amp;nns_category_id=1000001&amp;nns_video_index=0&amp;nns_user_id=APhone123&amp;nns_output_type=json</link>
      <thumbnail>http://khiptv.com/images_tv/APSARA.JPG</thumbnail>
	  <resolve>true</resolve>
    </item>
    <item>
      <title>2KPTV</title>
      <link>http://khiptv.org/abc/playlist.m3u8</link>
      <thumbnail>DefaultVideo.png</thumbnail>
    </item>
    <item>
      <title>DMusic</title>
      <link>http://liveplay3.malimarcdn.com/khliveedge00/dmusic.stream/playlist.m3u8?token=dmusic.stream-1415504898000-14ehcf3ie26bacj8358-3b203d6f53bce733319fdf3ffdab3584</link>
      <thumbnail>https://aseaniptv2.s3.amazonaws.com/images/channel/407/image/sd_dmcHD.jpg</thumbnail>
    </item>
    <item>
      <title>B_TV</title>
      <link>mmsh://199.189.105.148:80/bayonnews?MSWMExt=.asf</link>
      <thumbnail> </thumbnail>
    </item>
    <item>
      <title>MeKong_TV</title>
      <link>http://e-magic.info:44412/MeKong_TV</link>
      <thumbnail>http://khiptv.com/images_TV/MK.png</thumbnail>
    </item>
    <item>
      <title>Good_Idea</title>
      <link>http://e-magic.info:44412/Good_Idea</link>
      <thumbnail>
      http://khiptv.com/images_tv/goodidea.png</thumbnail>
    </item>
    <item>
      <title>knn_TV</title>
      <link>mmsh://e-magic.info:44412/KGN_HK?MSWMExt=.asf</link>
      <thumbnail>http://khiptv.com/images_tv/KNN.PNG</thumbnail>
    </item>
    <item>
      <title>nlakorn</title>
      <link>http://184.105.192.5:44412/nlakorn</link>
      <thumbnail>http://khiptv.com/images_TV/lakorn.jpg</thumbnail>
    </item>
	    <item>
      <title>MK TV</title>
      <link>mms://72.52.104.25/mktv</link>
      <thumbnail>http://khiptv.com/images_TV/lakorn.jpg</thumbnail>
    </item>
  </channel>
  <channel>
    <name>Khmer Radios</name>
    <info>Khmer Radios from khiptv</info>
    <item>
      <title>Khmer FM107 Radio</title>
      <link>http://KhipTV.org:44412/RC_FM107</link>
      <thumbnail>
      http://khiptv.com/images_tv/Bayon_Replay.png</thumbnail>
    </item>
    <item>
      <title>Bayon Radio</title>
      <link>http://KhipTV.org:44412/RC_FM95</link>
      <thumbnail>http://khiptv.com/images_tv/TVK.PNG</thumbnail>
    </item>
    <item>
      <title>Phnom Penh Radio FM103</title>
      <link>http://KhipTV.org:44412/RCFM103</link>
      <thumbnail>
      http://khiptv.com/images_tv/bayon-tv.png</thumbnail>
    </item>
    <item>
      <title>ABC Cambodia Radio</title>
      <link>http://KhipTV.org:44412/RC_FM1075</link>
      <thumbnail>http://khiptv.com/images_tv/TV5.png</thumbnail>
    </item>
    <item>
      <title>DAP Radio - FM93.75</title>
      <link>http://KhipTV.org:44412/dap</link>
      <thumbnail>
      http://khiptv.com/images_tv/BayonTV1.png</thumbnail>
    </item>
    <item>
      <title>Sovann Phum Radio - FM104</title>
      <link>http://KhipTV.org:44412/RC_FM104</link>
      <thumbnail>http://khiptv.com/images_tv/TV9.png</thumbnail>
    </item>
    <item>
      <title>Sovann Angkor FM106 - Battambong</title>
      <link>http://KhipTV.org:44412/KEO</link>
      <thumbnail>http://khiptv.com/images_tv/APSARA.JPG</thumbnail>
    </item>
    <item>
      <title>Apsara Radio FM 97 MHz</title>
      <link>http://KhipTV.org:44412/RCFM97</link>
      <thumbnail>http://khiptv.com/images_tv/KGNCAN.png</thumbnail>
    </item>
    <item>
      <title>Nokorwat Radio FM101 MHz</title>
      <link>http://KhipTV.org:44412/psp</link>
      <thumbnail>http://khiptv.com/images_tv/ABC.png</thumbnail>
    </item>
    <item>
      <title>KMAT Radio FM90MHz</title>
      <link>http://KhipTV.org:44412/KMAT</link>
      <thumbnail>http://khiptv.com/images_tv/nat.png</thumbnail>
    </item>
    <item>
      <title>National Radio FM96</title>
      <link>http://KhipTV.org:44412/RCFM96</link>
      <thumbnail>http://khiptv.com/images_TV/MK.png</thumbnail>
    </item>
    <item>
      <title>Women 's Radio FM102</title>
      <link>http://KhipTV.org:44412/RCFM102</link>
      <thumbnail>
      http://khiptv.com/images_tv/goodidea.png</thumbnail>
    </item>
    <item>
      <title>Ta Prohm Radio FM90.5</title>
      <link>http://KhipTV.org:44412/taprohm</link>
      <thumbnail>http://khiptv.com/images_tv/KNN.PNG</thumbnail>
    </item>
    <item>
      <title>STARFM Radio</title>
      <link>
      http://110.74.223.162:88/broadwave.mp3?src=2&amp;rate=1&amp;ref=</link>
      <thumbnail>http://khiptv.com/images_TV/lakorn.jpg</thumbnail>
    </item>
    <item>
      <title>Mean Chey FM99 MHz Radio</title>
      <link>http://KhipTV.org:44412/MCH</link>
      <thumbnail>http://khiptv.com/images_tv/KNN.PNG</thumbnail>
    </item>
    <item>
      <title>VOY FM 105.25MHz</title>
      <link>http://KhipTV.org:44412/fm105.3</link>
      <thumbnail>http://khiptv.com/images_tv/KNN.PNG</thumbnail>
    </item>
    <item>
      <title>Kolyanmet FM88.5</title>
      <link>http://KhipTV.org:44412/KEOV</link>
      <thumbnail>http://khiptv.com/images_tv/KNN.PNG</thumbnail>
    </item>
    <item>
      <title>Voice of Dombang Kronhoung FM 100MHz</title>
      <link>http://KhipTV.org:44412/Dombang</link>
      <thumbnail>http://khiptv.com/images_tv/KNN.PNG</thumbnail>
    </item>
    <item>
      <title>UFM 106.5MHz BMC</title>
      <link>http://KhipTV.org:44412/ufmradio</link>
      <thumbnail>http://khiptv.com/images_tv/KNN.PNG</thumbnail>
    </item>
    <item>
      <title>Our Radio - FM106.75 Mhz</title>
      <link>http://KhipTV.org:44412/our-radio</link>
      <thumbnail>http://khiptv.com/images_tv/KNN.PNG</thumbnail>
    </item>
    <item>
      <title>Beehive FM105</title>
      <link>http://KhipTV.org:44412/BFM105</link>
      <thumbnail>http://khiptv.com/images_tv/KNN.PNG</thumbnail>
    </item>
    <item>
      <title>Mongkul Sovann - FM93.5 - Battambong</title>
      <link>http://KhipTV.org:44412/FM 93.5 MHz</link>
      <thumbnail>http://khiptv.com/images_tv/KNN.PNG</thumbnail>
    </item>
    <item>
      <title>Mongkul Sovann - FM105.5 - Champong Soum</title>
      <link>http://KhipTV.org:44412/FM 105.5 MHzA</link>
      <thumbnail>http://khiptv.com/images_tv/KNN.PNG</thumbnail>
    </item>
    <item>
      <title>Sangke Radio - FM104.5 MHz - Battambong</title>
      <link>http://KhipTV.org:44412/Sangke Radio FM104.5MHz</link>
      <thumbnail>http://khiptv.com/images_tv/KNN.PNG</thumbnail>
    </item>
    <item>
      <title>Ta Prohm Radio FM90.5</title>
      <link>http://KhipTV.org:44412/taprohm</link>
      <thumbnail>http://khiptv.com/images_tv/KNN.PNG</thumbnail>
    </item>
    <item>
      <title>Ratanakiri Radio FM 97.5</title>
      <link>http://KhipTV.org:44412/ratanakiri</link>
      <thumbnail>http://khiptv.com/images_tv/KNN.PNG</thumbnail>
    </item>
    <item>
      <title>Mongkulsovann FM 91.75 MHz Banteay Meanchey</title>
      <link>http://KhipTV.org:44412/FM 91.75 Mhz</link>
      <thumbnail>http://khiptv.com/images_tv/KNN.PNG</thumbnail>
    </item>
    <item>
      <title>Siem Reap Radio</title>
      <link>http://KhipTV.org:44412/SIEM RAEP</link>
      <thumbnail>http://khiptv.com/images_tv/KNN.PNG</thumbnail>
    </item>
  </channel>
  <channels></channels>
</channels>
