<?xml version="1.0" encoding="UTF-8" standalone="yes"?>
<addon
  id="plugin.video.PhumiKhmer"
  version="1.0.32"
  name="PhumiKhmer"
  provider-name="Dknight">
  <requires>
		<import addon="script.module.simplejson" />
		<import addon="script.module.beautifulsoup" version="3.0.8"/>
		<import addon="script.module.urlresolver"  version="0.0.1"/>
		<import addon="script.module.t0mm0.common" version="1.1.0"/>
  </requires>
  <extension point="xbmc.python.pluginsource"
            library="default.py">
        <provides>video</provides>
  </extension>
  <extension point="xbmc.addon.metadata">
    <summary>PhumiKhmer</summary>
    <description>Watch PhumiKhmer Videos</description>
    <platform>all</platform>
  </extension>
</addon>