<?xml version="1.0" encoding="UTF-8" standalone="yes"?>
<addon
  id="plugin.video.konkhmerall"
  version="1.1.9"
  name="KonKhmerAll"
  provider-name="Cat2115">
  <requires>
        <import addon="xbmc.python" version="2.1.0"/>
  </requires>
  <extension point="xbmc.python.pluginsource"
            library="ADDON.py">
        <provides>video</provides>
  </extension>
  <extension point="xbmc.addon.metadata">
    <summary>Special Thanks Price</summary>
    <description>Watch Video in Khmer</description>
    <platform>all</platform>
  </extension>
</addon>