<?xml version="1.0" encoding="UTF-8"?>
<addon id="plugin.program.sitetosite"
       version="0.0.2" name="sitetosite"
       provider-name="Dknight">
  <requires>
  	<import addon="script.module.t0mm0.common" />
	<import addon="script.module.simplejson" />
  	<import addon="script.module.axel.downloader" optional="true" />
	<import addon="script.module.beautifulsoup" version="3.0.8"/>
	<import addon="script.module.requests" version="2.4.3" />
  </requires>
  <extension point="xbmc.python.pluginsource" library="default.py">
  	 <provides>executable</provides>
  </extension>
  <extension point="xbmc.addon.metadata">
    <summary>Site to Site Backup</summary>
    <description>Backup videos to your cloud storage account</description>
    <platform>all</platform>
  </extension>
</addon>