<?xml version="1.0" encoding="UTF-8" standalone="yes"?>
<addon
  id="plugin.video.khmerkhmovie"
  version="1.0.0"
  name="khmerkhmovie"
  provider-name="Dknight">
  <requires>
		<import addon="script.module.simplejson" />
		<import addon="script.module.t0mm0.common" version="1.1.0"/>
		<import addon="script.module.urlresolver" version="2.1.2"/>
		<import addon="script.module.beautifulsoup" version="3.0.8"/>
  </requires>
  <extension point="xbmc.python.pluginsource"
            library="default.py">
        <provides>video</provides>
  </extension>
  <extension point="xbmc.addon.metadata">
    <summary>khmerkh movie</summary>
    <description>Watch movies in English and Khmer</description>
    <platform>all</platform>
  </extension>
</addon>