<?xml version="1.0" encoding="UTF-8" standalone="yes"?>
<addon
  id="plugin.video.KhmerAccess"
  version="1.0.2"
  name="KhmerAccess"
  provider-name="Dknight">
  <requires>
        <import addon="xbmc.python" version="2.0"/>
		<import addon="script.module.simplejson" />
		<import addon="script.module.t0mm0.common" version="1.1.0"/>
  </requires>
  <extension point="xbmc.python.pluginsource"
            library="default.py">
        <provides>video</provides>
		<broken>deprecated</broken>
  </extension>
  <extension point="xbmc.addon.metadata">
    <summary>KhmerAccess</summary>
	<broken>deprecated</broken>
    <description>Watch KhmerAccess Videos</description>
    <platform>all</platform>
  </extension>
</addon>