<?xml version="1.0" encoding="UTF-8" standalone="yes"?>
<addon
  id="plugin.video.AsianHorror"
  version="1.0.1"
  name="AsianHorror"
  provider-name="Dknight">
  <requires>
        <import addon="xbmc.python" version="2.1.0" optional="true" />
		<import addon="script.module.simplejson" />
		<import addon="script.module.t0mm0.common" version="1.1.0"/>
		<import addon="script.module.urlresolver" version="0.0.1"/>
  </requires>
  <extension point="xbmc.python.pluginsource"
            library="default.py">
        <provides>video</provides>
  </extension>
  <extension point="xbmc.addon.metadata">
    <summary>Asian-Horror-Movies</summary>
    <description>Watch Asian-Horror-Movies Videos 
	Note: This site has a lot of dead links please try all the mirror links.
	</description>
    <platform>all</platform>
  </extension>
</addon>